[
{
  "model": "admin.logentry",
  "pk": 1,
  "fields": {
    "action_time": "2025-12-17T09:08:27.575Z",
    "user": 1,
    "content_type": 7,
    "object_id": "57",
    "object_repr": ":root[data-theme=\"dark\"]{     --bg-color: rgb(25, 25, 25);     --bg-secondary-color: rgb(35, 35, 35,0.3);     --bg-border-color: rgb(45, 45, 45);     --text-color: rgb(255, 255, 255);          --shado",
    "action_flag": 2,
    "change_message": "[{\"changed\": {\"fields\": [\"Reports\"]}}]"
  }
},
{
  "model": "sessions.session",
  "pk": "12owssfv3t23c5t9iu9e2636idftl5vh",
  "fields": {
    "session_data": ".eJxVjDkOwjAUBe_iGln-AW-U9DmD9RcHB5AjxUmFuDuJlALaNzPvrRKuS0lry3MaRV0VqNPvRsjPXHcgD6z3SfNUl3kkvSv6oE33k-TX7XD_Dgq2stUe8Ow8WKIc4gADClpD3EWIBODAeC8d2xwksDHMJjqDJJfo8uaSqM8X5Qw4gA:1vT15R:C9GlKcxNzB0TdY3lr-5JWIa4pDMCZ5nUgPYaAu4-Jzs",
    "expire_date": "2025-12-23T17:01:17.426Z"
  }
},
{
  "model": "sessions.session",
  "pk": "1e1kqbhoq0sjglq1cjjmjxsmv6ducmj2",
  "fields": {
    "session_data": ".eJxVjDkOwjAUBe_iGln-AW-U9DmD9RcHB5AjxUmFuDuJlALaNzPvrRKuS0lry3MaRV0VqNPvRsjPXHcgD6z3SfNUl3kkvSv6oE33k-TX7XD_Dgq2stUe8Ow8WKIc4gADClpD3EWIBODAeC8d2xwksDHMJjqDJJfo8uaSqM8X5Qw4gA:1v9flY:K_9MVz8Rpm6Ik2WSeGxZ3yT3-QLX_Mb-6fOQ92Wvr8Q",
    "expire_date": "2025-10-31T08:24:48.752Z"
  }
},
{
  "model": "sessions.session",
  "pk": "1rhq3bn9ypb7k9x2cjevthsm6f57oxfk",
  "fields": {
    "session_data": ".eJxVjDkOwjAUBe_iGln-AW-U9DmD9RcHB5AjxUmFuDuJlALaNzPvrRKuS0lry3MaRV0VqNPvRsjPXHcgD6z3SfNUl3kkvSv6oE33k-TX7XD_Dgq2stUe8Ow8WKIc4gADClpD3EWIBODAeC8d2xwksDHMJjqDJJfo8uaSqM8X5Qw4gA:1vJolJ:zGeSOwQwBzNUaoc8xyLVlgsosSIUMf-ZVPkyPUSmq4s",
    "expire_date": "2025-11-28T08:02:29.570Z"
  }
},
{
  "model": "sessions.session",
  "pk": "20gd1j34d4x9x4w3g00cwysbjdc6oqre",
  "fields": {
    "session_data": ".eJxVjDkOwjAUBe_iGln-AW-U9DmD9RcHB5AjxUmFuDuJlALaNzPvrRKuS0lry3MaRV0VqNPvRsjPXHcgD6z3SfNUl3kkvSv6oE33k-TX7XD_Dgq2stUe8Ow8WKIc4gADClpD3EWIBODAeC8d2xwksDHMJjqDJJfo8uaSqM8X5Qw4gA:1vGuP4:rEAk92VTZ6UPFHVN2Zzni_7jktMi-nsm9HRv2oMjXzI",
    "expire_date": "2025-11-20T07:27:30.423Z"
  }
},
{
  "model": "sessions.session",
  "pk": "2n4z00d8hnne2f9kwmk4qjeak2324n1q",
  "fields": {
    "session_data": ".eJxVjDkOwjAUBe_iGln-AW-U9DmD9RcHB5AjxUmFuDuJlALaNzPvrRKuS0lry3MaRV0VqNPvRsjPXHcgD6z3SfNUl3kkvSv6oE33k-TX7XD_Dgq2stUe8Ow8WKIc4gADClpD3EWIBODAeC8d2xwksDHMJjqDJJfo8uaSqM8X5Qw4gA:1v9hvB:v8P3jkLxSrw6wE6pZfA1OSJOUyyGz5pTLTpltxDa9a0",
    "expire_date": "2025-10-31T10:42:53.406Z"
  }
},
{
  "model": "sessions.session",
  "pk": "321d6k1cm52nzslwq9tsgo74npzmrrjl",
  "fields": {
    "session_data": ".eJxVjDkOwjAUBe_iGln-AW-U9DmD9RcHB5AjxUmFuDuJlALaNzPvrRKuS0lry3MaRV0VqNPvRsjPXHcgD6z3SfNUl3kkvSv6oE33k-TX7XD_Dgq2stUe8Ow8WKIc4gADClpD3EWIBODAeC8d2xwksDHMJjqDJJfo8uaSqM8X5Qw4gA:1vGebE:0Tau_y-bAnBMdwxAxtNYXExyx3H2X0mQQWuydQhZBi0",
    "expire_date": "2025-11-19T14:35:00.683Z"
  }
},
{
  "model": "sessions.session",
  "pk": "3exfuo45zt0py1ya9621zf7uomf3r6kt",
  "fields": {
    "session_data": ".eJxVjDkOwjAUBe_iGln-AW-U9DmD9RcHB5AjxUmFuDuJlALaNzPvrRKuS0lry3MaRV0VqNPvRsjPXHcgD6z3SfNUl3kkvSv6oE33k-TX7XD_Dgq2stUe8Ow8WKIc4gADClpD3EWIBODAeC8d2xwksDHMJjqDJJfo8uaSqM8X5Qw4gA:1vGuvR:P_2Qm8HmfOB4wyNQZLcNTB3fd1F1GZBTelmyfhoJ8lQ",
    "expire_date": "2025-11-20T08:00:57.258Z"
  }
},
{
  "model": "sessions.session",
  "pk": "3mrxsod49gqj7ve0iscqwyiuy3rf2fqm",
  "fields": {
    "session_data": ".eJxVjDkOwjAUBe_iGln-AW-U9DmD9RcHB5AjxUmFuDuJlALaNzPvrRKuS0lry3MaRV0VqNPvRsjPXHcgD6z3SfNUl3kkvSv6oE33k-TX7XD_Dgq2stUe8Ow8WKIc4gADClpD3EWIBODAeC8d2xwksDHMJjqDJJfo8uaSqM8X5Qw4gA:1vMO9b:13dEwhEye1iF_-Wifp9qjfk4lt0CxOjiByBElgCbNWU",
    "expire_date": "2025-12-05T10:14:11.323Z"
  }
},
{
  "model": "sessions.session",
  "pk": "6tldsotxbohgw47p5nednk4thyif35vf",
  "fields": {
    "session_data": ".eJxVjDkOwjAUBe_iGln-AW-U9DmD9RcHB5AjxUmFuDuJlALaNzPvrRKuS0lry3MaRV0VqNPvRsjPXHcgD6z3SfNUl3kkvSv6oE33k-TX7XD_Dgq2stUe8Ow8WKIc4gADClpD3EWIBODAeC8d2xwksDHMJjqDJJfo8uaSqM8X5Qw4gA:1vJ9Ne:681huitmgkHnHMmHqVZ5byJ4S4iSRQEdh857ojOrk4g",
    "expire_date": "2025-11-26T11:51:18.611Z"
  }
},
{
  "model": "sessions.session",
  "pk": "74ben7cj1usaaz5qlevbd4qi883y535h",
  "fields": {
    "session_data": "e30:1vJY4g:wjKFiA9SqHOb102VqaxBPriDTXZjqz4jJk-qim1CrqM",
    "expire_date": "2025-11-27T14:13:22.578Z"
  }
},
{
  "model": "sessions.session",
  "pk": "79q9yc98stqbfdblrawmg5gb72fr8dlx",
  "fields": {
    "session_data": ".eJxVjDkOwjAUBe_iGln-AW-U9DmD9RcHB5AjxUmFuDuJlALaNzPvrRKuS0lry3MaRV0VqNPvRsjPXHcgD6z3SfNUl3kkvSv6oE33k-TX7XD_Dgq2stUe8Ow8WKIc4gADClpD3EWIBODAeC8d2xwksDHMJjqDJJfo8uaSqM8X5Qw4gA:1vVdVl:gFJMx3aZUK6yeWBiXj-0w_GxDL3F9uYDLmEQVCm2BRQ",
    "expire_date": "2025-12-30T22:27:17.355Z"
  }
},
{
  "model": "sessions.session",
  "pk": "7gsdmmd98ycembfnmnu0p2eax05ke4cf",
  "fields": {
    "session_data": ".eJxVjDkOwjAUBe_iGln-AW-U9DmD9RcHB5AjxUmFuDuJlALaNzPvrRKuS0lry3MaRV0VqNPvRsjPXHcgD6z3SfNUl3kkvSv6oE33k-TX7XD_Dgq2stUe8Ow8WKIc4gADClpD3EWIBODAeC8d2xwksDHMJjqDJJfo8uaSqM8X5Qw4gA:1vObtP:NSPQRhb7gT-K7S7IHN5lVb23xC0avn46WHZbNdGZ1FQ",
    "expire_date": "2025-12-11T13:18:39.367Z"
  }
},
{
  "model": "sessions.session",
  "pk": "7vb543szn0szi5sd75jfip4kj02t0tvz",
  "fields": {
    "session_data": ".eJxVjDsOwjAQBe_iGln-rb2hpOcM1trr4ABypDipEHeHSCmgfTPzXiLStta49bLEicVZGHH63RLlR2k74Du12yzz3NZlSnJX5EG7vM5cnpfD_Tuo1Ou3DgDKjoRjyRYdaoTAyuqEBrIdgBQXFcAXSE55MDzogXWwHg2xzw7F-wO-NDbB:1vLehM:jUz_uaDN8kx24fKQDjoOYkI3ieOLE0BvZ1_v2EEPwYg",
    "expire_date": "2025-12-03T09:42:00.917Z"
  }
},
{
  "model": "sessions.session",
  "pk": "9sm41vk1fdg5qy3cct0cna9pxm62hira",
  "fields": {
    "session_data": ".eJxVjDkOwjAUBe_iGln-AW-U9DmD9RcHB5AjxUmFuDuJlALaNzPvrRKuS0lry3MaRV0VqNPvRsjPXHcgD6z3SfNUl3kkvSv6oE33k-TX7XD_Dgq2stUe8Ow8WKIc4gADClpD3EWIBODAeC8d2xwksDHMJjqDJJfo8uaSqM8X5Qw4gA:1vVqbt:KQhm-r4GbjvWdpg-nSz8Te2Vd8-Qy3lqHSApQT9mAv8",
    "expire_date": "2025-12-31T12:26:29.009Z"
  }
},
{
  "model": "sessions.session",
  "pk": "9yccwgdg7x6p5m8pplih8lfrji85tjsg",
  "fields": {
    "session_data": ".eJxVjDkOwjAUBe_iGln-AW-U9DmD9RcHB5AjxUmFuDuJlALaNzPvrRKuS0lry3MaRV0VqNPvRsjPXHcgD6z3SfNUl3kkvSv6oE33k-TX7XD_Dgq2stUe8Ow8WKIc4gADClpD3EWIBODAeC8d2xwksDHMJjqDJJfo8uaSqM8X5Qw4gA:1vLdv9:gDO6vDbmqlEy6lDQIlW0lC_bFnI7uQZ5GnIxURRyH2w",
    "expire_date": "2025-12-03T08:52:11.925Z"
  }
},
{
  "model": "sessions.session",
  "pk": "b2w9hsmigseswro5hqtq142yelyvdqi5",
  "fields": {
    "session_data": ".eJxVjDsOwjAQBe_iGln-rb2hpOcM1trr4ABypDipEHeHSCmgfTPzXiLStta49bLEicVZGHH63RLlR2k74Du12yzz3NZlSnJX5EG7vM5cnpfD_Tuo1Ou3DgDKjoRjyRYdaoTAyuqEBrIdgBQXFcAXSE55MDzogXWwHg2xzw7F-wO-NDbB:1vRVun:AZ3XvR1GljrtXQZbLp3LXnjwSKskdRaAa03E32nWEb0",
    "expire_date": "2025-12-19T13:32:05.214Z"
  }
},
{
  "model": "sessions.session",
  "pk": "b6jvcc7ew35cs9sops1s8sh321ghpha9",
  "fields": {
    "session_data": ".eJxVjDkOwjAUBe_iGln-AW-U9DmD9RcHB5AjxUmFuDuJlALaNzPvrRKuS0lry3MaRV0VqNPvRsjPXHcgD6z3SfNUl3kkvSv6oE33k-TX7XD_Dgq2stUe8Ow8WKIc4gADClpD3EWIBODAeC8d2xwksDHMJjqDJJfo8uaSqM8X5Qw4gA:1vR6LP:y8MhyoX7LG3T-NlIFk2qLWtOmbS4ZZEBLqzN9Tw18fY",
    "expire_date": "2025-12-18T10:13:51.608Z"
  }
},
{
  "model": "sessions.session",
  "pk": "ddeu9w6n36lwof29krkozit3c0vyb6a2",
  "fields": {
    "session_data": ".eJxVjDkOwjAUBe_iGln-AW-U9DmD9RcHB5AjxUmFuDuJlALaNzPvrRKuS0lry3MaRV0VqNPvRsjPXHcgD6z3SfNUl3kkvSv6oE33k-TX7XD_Dgq2stUe8Ow8WKIc4gADClpD3EWIBODAeC8d2xwksDHMJjqDJJfo8uaSqM8X5Qw4gA:1vRsJD:XOCiz8GAbtodk0FM2Ubq8JxkSBu4QM8BUYbuvSfsVoQ",
    "expire_date": "2025-12-20T13:26:47.112Z"
  }
},
{
  "model": "sessions.session",
  "pk": "dtob3q047qqipulyti2nwyj2n9ygzs0r",
  "fields": {
    "session_data": ".eJxVjDkOwjAUBe_iGln-AW-U9DmD9RcHB5AjxUmFuDuJlALaNzPvrRKuS0lry3MaRV0VqNPvRsjPXHcgD6z3SfNUl3kkvSv6oE33k-TX7XD_Dgq2stUe8Ow8WKIc4gADClpD3EWIBODAeC8d2xwksDHMJjqDJJfo8uaSqM8X5Qw4gA:1vTe9n:RrjnjKDZEeZRZPVQKriGh_lg34P51s_aEc3V8dI0ygA",
    "expire_date": "2025-12-25T10:44:23.040Z"
  }
},
{
  "model": "sessions.session",
  "pk": "e9bvhz3id5ety28hu91hejk9t9g2yl2b",
  "fields": {
    "session_data": ".eJxVjDsOwjAQBe_iGln-rb2hpOcM1trr4ABypDipEHeHSCmgfTPzXiLStta49bLEicVZGHH63RLlR2k74Du12yzz3NZlSnJX5EG7vM5cnpfD_Tuo1Ou3DgDKjoRjyRYdaoTAyuqEBrIdgBQXFcAXSE55MDzogXWwHg2xzw7F-wO-NDbB:1vRQPi:Hmjil3WxIoIKklqQxx3KeIkX-GJ3gx2iG_hHR7Y1DAA",
    "expire_date": "2025-12-19T07:39:38.623Z"
  }
},
{
  "model": "sessions.session",
  "pk": "eq8sdf5ulxmtqx5e4b7xlcc6574rpe33",
  "fields": {
    "session_data": ".eJxVjDkOwjAUBe_iGln-AW-U9DmD9RcHB5AjxUmFuDuJlALaNzPvrRKuS0lry3MaRV0VqNPvRsjPXHcgD6z3SfNUl3kkvSv6oE33k-TX7XD_Dgq2stUe8Ow8WKIc4gADClpD3EWIBODAeC8d2xwksDHMJjqDJJfo8uaSqM8X5Qw4gA:1vTdxN:KW3ZJvv_0WnRKnJC9GUicA5n7mdSPGvysYsTNweApS4",
    "expire_date": "2025-12-25T10:31:33.476Z"
  }
},
{
  "model": "sessions.session",
  "pk": "f77pi6qo5btqo2xzeejgjk4lwusuikgb",
  "fields": {
    "session_data": ".eJxVjDkOwjAUBe_iGln-AW-U9DmD9RcHB5AjxUmFuDuJlALaNzPvrRKuS0lry3MaRV0VqNPvRsjPXHcgD6z3SfNUl3kkvSv6oE33k-TX7XD_Dgq2stUe8Ow8WKIc4gADClpD3EWIBODAeC8d2xwksDHMJjqDJJfo8uaSqM8X5Qw4gA:1vVqbr:Rqsula2nmf_BwD1akA0mmoE1jBu2t8Rgmm8ZTZZCKAk",
    "expire_date": "2025-12-31T12:26:27.437Z"
  }
},
{
  "model": "sessions.session",
  "pk": "hpajq443lp34h0qp2m6459navfjiifmm",
  "fields": {
    "session_data": "e30:1vJY4e:KfmjdGw7VDompiQxRlSIzqv6mhpJDWCSRuekfzwjzlE",
    "expire_date": "2025-11-27T14:13:20.774Z"
  }
},
{
  "model": "sessions.session",
  "pk": "jfuweejwgymr2753av8yofsmpatjn2o4",
  "fields": {
    "session_data": ".eJxVjDkOwjAUBe_iGln-AW-U9DmD9RcHB5AjxUmFuDuJlALaNzPvrRKuS0lry3MaRV0VqNPvRsjPXHcgD6z3SfNUl3kkvSv6oE33k-TX7XD_Dgq2stUe8Ow8WKIc4gADClpD3EWIBODAeC8d2xwksDHMJjqDJJfo8uaSqM8X5Qw4gA:1vTyBT:V9dKDrqL1lbk3oNmSOuyAUKDCxYG_oqVAm2JU0RhbXk",
    "expire_date": "2025-12-26T08:07:27.729Z"
  }
},
{
  "model": "sessions.session",
  "pk": "jsgho9p4hp3593qh7lh2l8w1hleld6qj",
  "fields": {
    "session_data": ".eJxVjDkOwjAUBe_iGln-AW-U9DmD9RcHB5AjxUmFuDuJlALaNzPvrRKuS0lry3MaRV0VqNPvRsjPXHcgD6z3SfNUl3kkvSv6oE33k-TX7XD_Dgq2stUe8Ow8WKIc4gADClpD3EWIBODAeC8d2xwksDHMJjqDJJfo8uaSqM8X5Qw4gA:1vTbKz:sX_Lk-RFP2qZHIXGdgDQ8GRjkdhaISqcCdiiMsYrjMM",
    "expire_date": "2025-12-25T07:43:45.658Z"
  }
},
{
  "model": "sessions.session",
  "pk": "k4wclhfa9qtnerfxtmbkvykhlwsqn5qx",
  "fields": {
    "session_data": ".eJxVjDsOwjAQBe_iGln-rb2hpOcM1trr4ABypDipEHeHSCmgfTPzXiLStta49bLEicVZGHH63RLlR2k74Du12yzz3NZlSnJX5EG7vM5cnpfD_Tuo1Ou3DgDKjoRjyRYdaoTAyuqEBrIdgBQXFcAXSE55MDzogXWwHg2xzw7F-wO-NDbB:1vBJ6e:l6KSFwtKre1YlhRbB30jwOlj2W9-y0qdflTn2i-yJvE",
    "expire_date": "2025-11-04T20:37:20.214Z"
  }
},
{
  "model": "sessions.session",
  "pk": "k6nwzjrm8ieoj9gga870crjpybbb9ky2",
  "fields": {
    "session_data": ".eJxVjDkOwjAUBe_iGln-AW-U9DmD9RcHB5AjxUmFuDuJlALaNzPvrRKuS0lry3MaRV0VqNPvRsjPXHcgD6z3SfNUl3kkvSv6oE33k-TX7XD_Dgq2stUe8Ow8WKIc4gADClpD3EWIBODAeC8d2xwksDHMJjqDJJfo8uaSqM8X5Qw4gA:1vT0jE:KIukvpTDtGh1undA6z4o6GxqijLkoiF7fQVB1WTWIJE",
    "expire_date": "2025-12-23T16:38:20.353Z"
  }
},
{
  "model": "sessions.session",
  "pk": "kgyhbczzflv6rzaffo6wv8apw2ert7em",
  "fields": {
    "session_data": ".eJxVjDkOwjAUBe_iGln-AW-U9DmD9RcHB5AjxUmFuDuJlALaNzPvrRKuS0lry3MaRV0VqNPvRsjPXHcgD6z3SfNUl3kkvSv6oE33k-TX7XD_Dgq2stUe8Ow8WKIc4gADClpD3EWIBODAeC8d2xwksDHMJjqDJJfo8uaSqM8X5Qw4gA:1v9hvA:R-f8J6wa-iqd1uXMz9jiRnxq65slSm3ILuLuRUBlGyI",
    "expire_date": "2025-10-31T10:42:52.337Z"
  }
},
{
  "model": "sessions.session",
  "pk": "pordrnt3y17t1smvrtpuz61fmnokpoy4",
  "fields": {
    "session_data": ".eJxVjDkOwjAUBe_iGln-AW-U9DmD9RcHB5AjxUmFuDuJlALaNzPvrRKuS0lry3MaRV0VqNPvRsjPXHcgD6z3SfNUl3kkvSv6oE33k-TX7XD_Dgq2stUe8Ow8WKIc4gADClpD3EWIBODAeC8d2xwksDHMJjqDJJfo8uaSqM8X5Qw4gA:1vR6LO:Dc3HK_cS3gtcWCJCFmB51W1wQUJqL_Yx-3fgeTyf1Z0",
    "expire_date": "2025-12-18T10:13:50.303Z"
  }
},
{
  "model": "sessions.session",
  "pk": "pwo67f1h3qk7g98quunwni208hm1cnun",
  "fields": {
    "session_data": ".eJxVjDkOwjAUBe_iGln-AW-U9DmD9RcHB5AjxUmFuDuJlALaNzPvrRKuS0lry3MaRV0VqNPvRsjPXHcgD6z3SfNUl3kkvSv6oE33k-TX7XD_Dgq2stUe8Ow8WKIc4gADClpD3EWIBODAeC8d2xwksDHMJjqDJJfo8uaSqM8X5Qw4gA:1vBRig:17Pk4Vs3v9Cm8s8G7G_dqb2DIy7PtCHsP2v87RR3kmk",
    "expire_date": "2025-11-05T05:49:10.548Z"
  }
},
{
  "model": "sessions.session",
  "pk": "r959zsisq8k5vsb1dwsmtjpuwn3w6n2i",
  "fields": {
    "session_data": ".eJxVjDkOwjAUBe_iGln-AW-U9DmD9RcHB5AjxUmFuDuJlALaNzPvrRKuS0lry3MaRV0VqNPvRsjPXHcgD6z3SfNUl3kkvSv6oE33k-TX7XD_Dgq2stUe8Ow8WKIc4gADClpD3EWIBODAeC8d2xwksDHMJjqDJJfo8uaSqM8X5Qw4gA:1v9jQ1:sEO8WC5Qh3A4XLadCHmhBQKk0lDJfW2m4DkDYk-QxeE",
    "expire_date": "2025-10-31T12:18:49.478Z"
  }
},
{
  "model": "sessions.session",
  "pk": "rfvekjs85rl35wblpy69dnhrn2ssjp09",
  "fields": {
    "session_data": ".eJxVjDkOwjAUBe_iGln-AW-U9DmD9RcHB5AjxUmFuDuJlALaNzPvrRKuS0lry3MaRV0VqNPvRsjPXHcgD6z3SfNUl3kkvSv6oE33k-TX7XD_Dgq2stUe8Ow8WKIc4gADClpD3EWIBODAeC8d2xwksDHMJjqDJJfo8uaSqM8X5Qw4gA:1vH0f9:VdbFPMGvF5VSeRkpHBaeVtJsm79ZEvfJ6W7jt5BlRNE",
    "expire_date": "2025-11-20T14:08:31.332Z"
  }
},
{
  "model": "sessions.session",
  "pk": "ukjhhyejm78752l3yp6u2cv496v26x0j",
  "fields": {
    "session_data": ".eJxVjDsOwjAQBe_iGln-rb2hpOcM1trr4ABypDipEHeHSCmgfTPzXiLStta49bLEicVZGHH63RLlR2k74Du12yzz3NZlSnJX5EG7vM5cnpfD_Tuo1Ou3DgDKjoRjyRYdaoTAyuqEBrIdgBQXFcAXSE55MDzogXWwHg2xzw7F-wO-NDbB:1vVqa5:mvpknyMSZMnA_euJea-g2TfPPYAU5CSfQWIFlZ4yeAU",
    "expire_date": "2025-12-31T12:24:37.986Z"
  }
},
{
  "model": "sessions.session",
  "pk": "up9ij8sjcjyc0oaf6xqc2oglmy7wksh5",
  "fields": {
    "session_data": ".eJxVjDsOwjAQBe_iGln-rb2hpOcM1trr4ABypDipEHeHSCmgfTPzXiLStta49bLEicVZGHH63RLlR2k74Du12yzz3NZlSnJX5EG7vM5cnpfD_Tuo1Ou3DgDKjoRjyRYdaoTAyuqEBrIdgBQXFcAXSE55MDzogXWwHg2xzw7F-wO-NDbB:1vJXUz:aJ2H1ZWyg__Z-c31RAGm6ifJoTiRavNPkP-IFLYfEHk",
    "expire_date": "2025-11-27T13:36:29.802Z"
  }
},
{
  "model": "sessions.session",
  "pk": "uqpccvy9caoygcfn4ht7ezcx8bsh00x5",
  "fields": {
    "session_data": ".eJxVjDkOwjAUBe_iGln-AW-U9DmD9RcHB5AjxUmFuDuJlALaNzPvrRKuS0lry3MaRV0VqNPvRsjPXHcgD6z3SfNUl3kkvSv6oE33k-TX7XD_Dgq2stUe8Ow8WKIc4gADClpD3EWIBODAeC8d2xwksDHMJjqDJJfo8uaSqM8X5Qw4gA:1vGbsg:hhdKEnsuzNtVRwI9BCwtW-XtciL8Nz2PiTmGCRdDcH0",
    "expire_date": "2025-11-19T11:40:50.348Z"
  }
},
{
  "model": "sessions.session",
  "pk": "us5urhbkihaswogzs54nzxsuypuycf6l",
  "fields": {
    "session_data": ".eJxVjDkOwjAUBe_iGln-AW-U9DmD9RcHB5AjxUmFuDuJlALaNzPvrRKuS0lry3MaRV0VqNPvRsjPXHcgD6z3SfNUl3kkvSv6oE33k-TX7XD_Dgq2stUe8Ow8WKIc4gADClpD3EWIBODAeC8d2xwksDHMJjqDJJfo8uaSqM8X5Qw4gA:1vSj1c:EHxKALcoKr0xkEEynExtFggpDZdX_ynIhb2PlS6pA_I",
    "expire_date": "2025-12-22T21:44:08.769Z"
  }
},
{
  "model": "sessions.session",
  "pk": "vmg8nd7v7kxqc95rul0a8pa2t4hfbhry",
  "fields": {
    "session_data": ".eJxVjDkOwjAUBe_iGln-AW-U9DmD9RcHB5AjxUmFuDuJlALaNzPvrRKuS0lry3MaRV0VqNPvRsjPXHcgD6z3SfNUl3kkvSv6oE33k-TX7XD_Dgq2stUe8Ow8WKIc4gADClpD3EWIBODAeC8d2xwksDHMJjqDJJfo8uaSqM8X5Qw4gA:1v9flT:XZWOn6vjdq9d5VZNAS4EGKUXm_nUrnGktCJlxWD2JnA",
    "expire_date": "2025-10-31T08:24:43.250Z"
  }
},
{
  "model": "sessions.session",
  "pk": "vuzr6yioqlnc8c1l399uo4tykaqxkd30",
  "fields": {
    "session_data": ".eJxVjDkOwjAUBe_iGln-AW-U9DmD9RcHB5AjxUmFuDuJlALaNzPvrRKuS0lry3MaRV0VqNPvRsjPXHcgD6z3SfNUl3kkvSv6oE33k-TX7XD_Dgq2stUe8Ow8WKIc4gADClpD3EWIBODAeC8d2xwksDHMJjqDJJfo8uaSqM8X5Qw4gA:1v9gAM:f7jTk6bpIUaDkbnkJDlsUsHFNR9ket14Ir_2O3IJXdQ",
    "expire_date": "2025-10-31T08:50:26.437Z"
  }
},
{
  "model": "sessions.session",
  "pk": "xo4pwir8yh1slze7zjzy71xqw9xuxxsc",
  "fields": {
    "session_data": ".eJxVjDkOwjAUBe_iGln-AW-U9DmD9RcHB5AjxUmFuDuJlALaNzPvrRKuS0lry3MaRV0VqNPvRsjPXHcgD6z3SfNUl3kkvSv6oE33k-TX7XD_Dgq2stUe8Ow8WKIc4gADClpD3EWIBODAeC8d2xwksDHMJjqDJJfo8uaSqM8X5Qw4gA:1vT1Lc:UEyWcDG7GXOkmkMbu0rz9DhsO1-7TXKlzvzZqRehY30",
    "expire_date": "2025-12-23T17:18:00.940Z"
  }
},
{
  "model": "sessions.session",
  "pk": "ygr4xg8wqfxqjtemob9i1t4s4zu61cr2",
  "fields": {
    "session_data": "e30:1vJY4m:qSybbzZe3ul8_rMwqskMGVwdjxEiQEz35_RnE-oO0zo",
    "expire_date": "2025-11-27T14:13:28.907Z"
  }
},
{
  "model": "sessions.session",
  "pk": "yxo9i7x7ppx1anr08bgwzxcatypa1qad",
  "fields": {
    "session_data": ".eJxVjDsOwjAQBe_iGln-rb2hpOcM1trr4ABypDipEHeHSCmgfTPzXiLStta49bLEicVZGHH63RLlR2k74Du12yzz3NZlSnJX5EG7vM5cnpfD_Tuo1Ou3DgDKjoRjyRYdaoTAyuqEBrIdgBQXFcAXSE55MDzogXWwHg2xzw7F-wO-NDbB:1vRVul:wn6MZD4rsvoO6Ksx0SieT4n4OQD7lEvJeKGQrJ8tudE",
    "expire_date": "2025-12-19T13:32:03.303Z"
  }
},
{
  "model": "post.post",
  "pk": 10,
  "fields": {
    "user": 1,
    "title": "aaaaaaaa",
    "desc": "<p>aaaaaaaaaaaaaaaaa</p>",
    "date": "2025-10-17T12:16:14.140Z",
    "image": "images_uploaded/vista.jpg",
    "video": "",
    "user_html": "",
    "user_css": "",
    "user_js": "",
    "site_preview": "",
    "upvotes": 1,
    "post_views": 6,
    "reports": 0
  }
},
{
  "model": "post.post",
  "pk": 12,
  "fields": {
    "user": 2,
    "title": "This is Code",
    "desc": "<p>Can anyone fix it?</p>",
    "date": "2025-10-21T20:03:02.303Z",
    "image": "images_uploaded/code.PNG",
    "video": "",
    "user_html": "",
    "user_css": "",
    "user_js": "",
    "site_preview": "",
    "upvotes": 1,
    "post_views": 136,
    "reports": 0
  }
},
{
  "model": "post.post",
  "pk": 14,
  "fields": {
    "user": 1,
    "title": "aaaaaaaaaa",
    "desc": "<p>aaaaaaaaaaaa</p>",
    "date": "2025-10-22T05:49:17.154Z",
    "image": "",
    "video": "",
    "user_html": "",
    "user_css": "",
    "user_js": "",
    "site_preview": "",
    "upvotes": 1,
    "post_views": 1,
    "reports": 0
  }
},
{
  "model": "post.post",
  "pk": 15,
  "fields": {
    "user": 1,
    "title": "blablablabla2",
    "desc": "<p>blablablabla</p>",
    "date": "2025-10-22T05:49:28.068Z",
    "image": "",
    "video": "",
    "user_html": "",
    "user_css": "",
    "user_js": "",
    "site_preview": "",
    "upvotes": 0,
    "post_views": 0,
    "reports": 0
  }
},
{
  "model": "post.post",
  "pk": 18,
  "fields": {
    "user": 1,
    "title": "AAAA",
    "desc": "<p>aaaa</p>",
    "date": "2025-11-05T11:52:06.667Z",
    "image": "",
    "video": "",
    "user_html": "",
    "user_css": "",
    "user_js": "",
    "site_preview": "",
    "upvotes": 1,
    "post_views": 0,
    "reports": 0
  }
},
{
  "model": "post.post",
  "pk": 19,
  "fields": {
    "user": 1,
    "title": "aaa",
    "desc": "<p>aaaaaaaaaa</p>",
    "date": "2025-11-05T11:54:03.970Z",
    "image": "",
    "video": "",
    "user_html": "",
    "user_css": "",
    "user_js": "",
    "site_preview": "",
    "upvotes": 1,
    "post_views": 0,
    "reports": 0
  }
},
{
  "model": "post.post",
  "pk": 20,
  "fields": {
    "user": 1,
    "title": "11111111",
    "desc": "<p>111</p>",
    "date": "2025-11-05T11:54:10.233Z",
    "image": "",
    "video": "",
    "user_html": "",
    "user_css": "",
    "user_js": "",
    "site_preview": "",
    "upvotes": 1,
    "post_views": 0,
    "reports": 0
  }
},
{
  "model": "post.post",
  "pk": 23,
  "fields": {
    "user": 1,
    "title": "test",
    "desc": "<p>12111</p>",
    "date": "2025-11-05T12:29:41.086Z",
    "image": "images_uploaded/bliss_XCqOUL7.webp",
    "video": "",
    "user_html": "",
    "user_css": "",
    "user_js": "",
    "site_preview": "",
    "upvotes": 0,
    "post_views": 2,
    "reports": 0
  }
},
{
  "model": "post.post",
  "pk": 26,
  "fields": {
    "user": 1,
    "title": "rrrr",
    "desc": "<p>rrr</p>",
    "date": "2025-11-05T13:33:54.932Z",
    "image": "",
    "video": "",
    "user_html": "",
    "user_css": "",
    "user_js": "",
    "site_preview": "",
    "upvotes": 2,
    "post_views": 0,
    "reports": 0
  }
},
{
  "model": "post.post",
  "pk": 29,
  "fields": {
    "user": 1,
    "title": "Lorem ipsum dolor sit amet.",
    "desc": "<p>Lorem ipsum dolor sit amet, consectetur adipisicing elit. Labore, reiciendis consequatur! Quaerat illum dolorum explicabo maiores optio quam omnis rerum sit laboriosam? Architecto magnam eos at itaque molestiae fuga ratione?</p>",
    "date": "2025-11-06T07:19:18.946Z",
    "image": "",
    "video": "",
    "user_html": "",
    "user_css": "",
    "user_js": "",
    "site_preview": "",
    "upvotes": 1,
    "post_views": 3,
    "reports": 0
  }
},
{
  "model": "post.post",
  "pk": 30,
  "fields": {
    "user": 1,
    "title": "aa",
    "desc": "<p>aaa</p>",
    "date": "2025-11-07T09:30:18.401Z",
    "image": "",
    "video": "",
    "user_html": "",
    "user_css": "",
    "user_js": "",
    "site_preview": "",
    "upvotes": 2,
    "post_views": 1,
    "reports": 0
  }
},
{
  "model": "post.post",
  "pk": 31,
  "fields": {
    "user": 1,
    "title": "ssss",
    "desc": "<p>sss</p>",
    "date": "2025-11-07T09:30:22.577Z",
    "image": "",
    "video": "",
    "user_html": "",
    "user_css": "",
    "user_js": "",
    "site_preview": "",
    "upvotes": 1,
    "post_views": 6,
    "reports": 0
  }
},
{
  "model": "post.post",
  "pk": 32,
  "fields": {
    "user": 1,
    "title": "LOREM LOREM",
    "desc": "<p>LOREM&nbsp;Lorem ipsum dolor sit amet consectetur, adipisicing elit. Placeat, totam.</p>",
    "date": "2025-11-07T09:30:26.717Z",
    "image": "",
    "video": "",
    "user_html": "",
    "user_css": "",
    "user_js": "",
    "site_preview": "",
    "upvotes": 2,
    "post_views": 7,
    "reports": 0
  }
},
{
  "model": "post.post",
  "pk": 33,
  "fields": {
    "user": 1,
    "title": "Example",
    "desc": "<p>ExampleExampleExampleExampleExampleExampleExample</p>",
    "date": "2025-11-07T09:30:30.712Z",
    "image": "",
    "video": "",
    "user_html": "",
    "user_css": "",
    "user_js": "",
    "site_preview": "",
    "upvotes": 4,
    "post_views": 14,
    "reports": 0
  }
},
{
  "model": "post.post",
  "pk": 34,
  "fields": {
    "user": 1,
    "title": "Python logo",
    "desc": "<p>this is the Stackoverflow logo</p>",
    "date": "2025-11-07T12:36:19.814Z",
    "image": "images_uploaded/icon-48.png",
    "video": "",
    "user_html": "",
    "user_css": "",
    "user_js": "",
    "site_preview": "",
    "upvotes": 3,
    "post_views": 62,
    "reports": 0
  }
},
{
  "model": "post.post",
  "pk": 36,
  "fields": {
    "user": 2,
    "title": "hmmmm",
    "desc": "<p>Lorem ipsum dolor sit amet consectetur adipisicing elit. Ipsa, modi!</p>",
    "date": "2025-11-12T11:50:46.806Z",
    "image": "images_uploaded/bliss.webp",
    "video": "",
    "user_html": "",
    "user_css": "",
    "user_js": "",
    "site_preview": "",
    "upvotes": 3,
    "post_views": 169,
    "reports": 0
  }
},
{
  "model": "post.post",
  "pk": 51,
  "fields": {
    "user": 1,
    "title": "test",
    "desc": "<p>test</p>",
    "date": "2025-12-03T09:00:11.973Z",
    "image": "images_uploaded/dusty_motherboard_7vvZWp1.jpg",
    "video": "",
    "user_html": "",
    "user_css": "",
    "user_js": "",
    "site_preview": "",
    "upvotes": 0,
    "post_views": 8,
    "reports": 0
  }
},
{
  "model": "post.post",
  "pk": 52,
  "fields": {
    "user": 1,
    "title": "today",
    "desc": "<p>1231231</p>",
    "date": "2025-12-04T08:38:18.651Z",
    "image": "images_uploaded/dusty_motherboard_U2aM2Lw.jpg",
    "video": "videos_uploaded/cat_QX7Kxao.webm",
    "user_html": "",
    "user_css": "",
    "user_js": "",
    "site_preview": "",
    "upvotes": 0,
    "post_views": 28,
    "reports": 0
  }
},
{
  "model": "post.post",
  "pk": 53,
  "fields": {
    "user": 1,
    "title": "today again",
    "desc": "<div>\r\n<div><span style=\"color:#cccccc\">test</span></div>\r\n</div>",
    "date": "2025-12-04T08:54:04.224Z",
    "image": "images_uploaded/bro_shush.webp",
    "video": "",
    "user_html": "",
    "user_css": "",
    "user_js": "",
    "site_preview": "",
    "upvotes": 0,
    "post_views": 16,
    "reports": 1
  }
},
{
  "model": "post.post",
  "pk": 54,
  "fields": {
    "user": 1,
    "title": "Testing fish",
    "desc": "<div>\r\n<div><span style=\"color:#cccccc\">Lorem ipsum dolor sit amet.</span></div>\r\n</div>",
    "date": "2025-12-04T08:56:29.846Z",
    "image": "",
    "video": "videos_uploaded/fishy_HyYts7e.webm",
    "user_html": "",
    "user_css": "",
    "user_js": "",
    "site_preview": "",
    "upvotes": 1,
    "post_views": 12,
    "reports": 0
  }
},
{
  "model": "post.post",
  "pk": 55,
  "fields": {
    "user": 1,
    "title": "HTML & CSS",
    "desc": "<p>testing if this works</p>",
    "date": "2025-12-16T22:21:33.225Z",
    "image": "",
    "video": "",
    "user_html": "html_uploaded/retro_8ZQIZjM.html",
    "user_css": "css_uploaded/retro_qUiSqJN.css",
    "user_js": "",
    "site_preview": "images_uploaded/Screenshot_20251217_003354_sB5PuRz.png",
    "upvotes": 0,
    "post_views": 3,
    "reports": 0
  }
},
{
  "model": "post.post",
  "pk": 56,
  "fields": {
    "user": 1,
    "title": "HTML & CSS & JS",
    "desc": "<p>5 second alert delay test</p>",
    "date": "2025-12-16T22:22:18.536Z",
    "image": "",
    "video": "",
    "user_html": "html_uploaded/retro_q533sfW.html",
    "user_css": "css_uploaded/retro_XWqz5Qi.css",
    "user_js": "js_uploaded/retro.js",
    "site_preview": "images_uploaded/Screenshot_20251217_003354_EQqEb5n.png",
    "upvotes": 0,
    "post_views": 10,
    "reports": 0
  }
},
{
  "model": "post.post",
  "pk": 57,
  "fields": {
    "user": 1,
    "title": ":root[data-theme=\"dark\"]{     --bg-color: rgb(25, 25, 25);     --bg-secondary-color: rgb(35, 35, 35,0.3);     --bg-border-color: rgb(45, 45, 45);     --text-color: rgb(255, 255, 255);          --shado",
    "desc": "<p>:root[data-theme=&quot;dark&quot;]{</p>\r\n\r\n<p>&nbsp; &nbsp; --bg-color: rgb(25, 25, 25);</p>\r\n\r\n<p>&nbsp; &nbsp; --bg-secondary-color: rgb(35, 35, 35,0.3);</p>\r\n\r\n<p>&nbsp; &nbsp; --bg-border-color: rgb(45, 45, 45);</p>\r\n\r\n<p>&nbsp; &nbsp; --text-color: rgb(255, 255, 255);</p>\r\n\r\n<p>&nbsp; &nbsp;</p>\r\n\r\n<p>&nbsp; &nbsp; --shadow-color-04: rgb(0, 0, 0);</p>\r\n\r\n<p>&nbsp; &nbsp; --shadow-color-02: rgba(0, 0, 0, 0.5);</p>\r\n\r\n<p>&nbsp;</p>\r\n\r\n<p>&nbsp; &nbsp; --transparent: rgba(0, 0, 0, 0);</p>\r\n\r\n<p>&nbsp; &nbsp;</p>\r\n\r\n<p>&nbsp; &nbsp; --button-disabled: #4a4a4a;</p>\r\n\r\n<p>&nbsp; &nbsp; --button-disabled-hover: #5a5a5a;</p>\r\n\r\n<p>&nbsp; &nbsp; --button-disabled-active: #707070;</p>\r\n\r\n<p>&nbsp; &nbsp;</p>\r\n\r\n<p>&nbsp; &nbsp; --button-border-color: rgb(60, 60, 60);</p>\r\n\r\n<p>&nbsp; &nbsp; --button-border-color-hover: rgb(80, 80, 80);</p>\r\n\r\n<p>&nbsp; &nbsp;</p>\r\n\r\n<p>&nbsp; &nbsp; --button-primary-color: rgba(30, 30, 30);</p>\r\n\r\n<p>&nbsp; &nbsp; --button-primary-color-hover: rgb(60, 60, 60);</p>\r\n\r\n<p>&nbsp;</p>\r\n\r\n<p>&nbsp; &nbsp; --navbar-gradient: linear-gradient(rgb(25, 25, 25) 80%, rgba(0, 0, 0, 0) 90%);</p>\r\n\r\n<p>&nbsp; &nbsp; --paginator-gradient: linear-gradient(rgba(0, 0, 0, 0), rgb(0, 0, 0));</p>\r\n\r\n<p>&nbsp;</p>\r\n\r\n<p>&nbsp; &nbsp; --bg-txtbox-color: rgba(30, 30, 30);</p>\r\n\r\n<p>&nbsp; &nbsp; --txtbox-border-color: rgb(60, 60, 60);</p>\r\n\r\n<p>&nbsp; &nbsp; --bg-txtbox-color-focused: rgba(40, 40, 40);</p>\r\n\r\n<p>&nbsp; &nbsp; --txtbox-border-color-focused: rgb(70, 70, 70);</p>\r\n\r\n<p>}</p>\r\n\r\n<p>:root[data-theme=&quot;dark&quot;]{</p>\r\n\r\n<p>&nbsp; &nbsp; --bg-color: rgb(25, 25, 25);</p>\r\n\r\n<p>&nbsp; &nbsp; --bg-secondary-color: rgb(35, 35, 35,0.3);</p>\r\n\r\n<p>&nbsp; &nbsp; --bg-border-color: rgb(45, 45, 45);</p>\r\n\r\n<p>&nbsp; &nbsp; --text-color: rgb(255, 255, 255);</p>\r\n\r\n<p>&nbsp; &nbsp;</p>\r\n\r\n<p>&nbsp; &nbsp; --shadow-color-04: rgb(0, 0, 0);</p>\r\n\r\n<p>&nbsp; &nbsp; --shadow-color-02: rgba(0, 0, 0, 0.5);</p>\r\n\r\n<p>&nbsp;</p>\r\n\r\n<p>&nbsp; &nbsp; --transparent: rgba(0, 0, 0, 0);</p>\r\n\r\n<p>&nbsp; &nbsp;</p>\r\n\r\n<p>&nbsp; &nbsp; --button-disabled: #4a4a4a;</p>\r\n\r\n<p>&nbsp; &nbsp; --button-disabled-hover: #5a5a5a;</p>\r\n\r\n<p>&nbsp; &nbsp; --button-disabled-active: #707070;</p>\r\n\r\n<p>&nbsp; &nbsp;</p>\r\n\r\n<p>&nbsp; &nbsp; --button-border-color: rgb(60, 60, 60);</p>\r\n\r\n<p>&nbsp; &nbsp; --button-border-color-hover: rgb(80, 80, 80);</p>\r\n\r\n<p>&nbsp; &nbsp;</p>\r\n\r\n<p>&nbsp; &nbsp; --button-primary-color: rgba(30, 30, 30);</p>\r\n\r\n<p>&nbsp; &nbsp; --button-primary-color-hover: rgb(60, 60, 60);</p>\r\n\r\n<p>&nbsp;</p>\r\n\r\n<p>&nbsp; &nbsp; --navbar-gradient: linear-gradient(rgb(25, 25, 25) 80%, rgba(0, 0, 0, 0) 90%);</p>\r\n\r\n<p>&nbsp; &nbsp; --paginator-gradient: linear-gradient(rgba(0, 0, 0, 0), rgb(0, 0, 0));</p>\r\n\r\n<p>&nbsp;</p>\r\n\r\n<p>&nbsp; &nbsp; --bg-txtbox-color: rgba(30, 30, 30);</p>\r\n\r\n<p>&nbsp; &nbsp; --txtbox-border-color: rgb(60, 60, 60);</p>\r\n\r\n<p>&nbsp; &nbsp; --bg-txtbox-color-focused: rgba(40, 40, 40);</p>\r\n\r\n<p>&nbsp; &nbsp; --txtbox-border-color-focused: rgb(70, 70, 70);</p>\r\n\r\n<p>}</p>\r\n\r\n<p>:root[data-theme=&quot;dark&quot;]{</p>\r\n\r\n<p>&nbsp; &nbsp; --bg-color: rgb(25, 25, 25);</p>\r\n\r\n<p>&nbsp; &nbsp; --bg-secondary-color: rgb(35, 35, 35,0.3);</p>\r\n\r\n<p>&nbsp; &nbsp; --bg-border-color: rgb(45, 45, 45);</p>\r\n\r\n<p>&nbsp; &nbsp; --text-color: rgb(255, 255, 255);</p>\r\n\r\n<p>&nbsp; &nbsp;</p>\r\n\r\n<p>&nbsp; &nbsp; --shadow-color-04: rgb(0, 0, 0);</p>\r\n\r\n<p>&nbsp; &nbsp; --shadow-color-02: rgba(0, 0, 0, 0.5);</p>\r\n\r\n<p>&nbsp;</p>\r\n\r\n<p>&nbsp; &nbsp; --transparent: rgba(0, 0, 0, 0);</p>\r\n\r\n<p>&nbsp; &nbsp;</p>\r\n\r\n<p>&nbsp; &nbsp; --button-disabled: #4a4a4a;</p>\r\n\r\n<p>&nbsp; &nbsp; --button-disabled-hover: #5a5a5a;</p>\r\n\r\n<p>&nbsp; &nbsp; --button-disabled-active: #707070;</p>\r\n\r\n<p>&nbsp; &nbsp;</p>\r\n\r\n<p>&nbsp; &nbsp; --button-border-color: rgb(60, 60, 60);</p>\r\n\r\n<p>&nbsp; &nbsp; --button-border-color-hover: rgb(80, 80, 80);</p>\r\n\r\n<p>&nbsp; &nbsp;</p>\r\n\r\n<p>&nbsp; &nbsp; --button-primary-color: rgba(30, 30, 30);</p>\r\n\r\n<p>&nbsp; &nbsp; --button-primary-color-hover: rgb(60, 60, 60);</p>\r\n\r\n<p>&nbsp;</p>\r\n\r\n<p>&nbsp; &nbsp; --navbar-gradient: linear-gradient(rgb(25, 25, 25) 80%, rgba(0, 0, 0, 0) 90%);</p>\r\n\r\n<p>&nbsp; &nbsp; --paginator-gradient: linear-gradient(rgba(0, 0, 0, 0), rgb(0, 0, 0));</p>\r\n\r\n<p>&nbsp;</p>\r\n\r\n<p>&nbsp; &nbsp; --bg-txtbox-color: rgba(30, 30, 30);</p>\r\n\r\n<p>&nbsp; &nbsp; --txtbox-border-color: rgb(60, 60, 60);</p>\r\n\r\n<p>&nbsp; &nbsp; --bg-txtbox-color-focused: rgba(40, 40, 40);</p>\r\n\r\n<p>&nbsp; &nbsp; --txtbox-border-color-focused: rgb(70, 70, 70);</p>\r\n\r\n<p>}</p>\r\n\r\n<p>:root[data-theme=&quot;dark&quot;]{</p>\r\n\r\n<p>&nbsp; &nbsp; --bg-color: rgb(25, 25, 25);</p>\r\n\r\n<p>&nbsp; &nbsp; --bg-secondary-color: rgb(35, 35, 35,0.3);</p>\r\n\r\n<p>&nbsp; &nbsp; --bg-border-color: rgb(45, 45, 45);</p>\r\n\r\n<p>&nbsp; &nbsp; --text-color: rgb(255, 255, 255);</p>\r\n\r\n<p>&nbsp; &nbsp;</p>\r\n\r\n<p>&nbsp; &nbsp; --shadow-color-04: rgb(0, 0, 0);</p>\r\n\r\n<p>&nbsp; &nbsp; --shadow-color-02: rgba(0, 0, 0, 0.5);</p>\r\n\r\n<p>&nbsp;</p>\r\n\r\n<p>&nbsp; &nbsp; --transparent: rgba(0, 0, 0, 0);</p>\r\n\r\n<p>&nbsp; &nbsp;</p>\r\n\r\n<p>&nbsp; &nbsp; --button-disabled: #4a4a4a;</p>\r\n\r\n<p>&nbsp; &nbsp; --button-disabled-hover: #5a5a5a;</p>\r\n\r\n<p>&nbsp; &nbsp; --button-disabled-active: #707070;</p>\r\n\r\n<p>&nbsp; &nbsp;</p>\r\n\r\n<p>&nbsp; &nbsp; --button-border-color: rgb(60, 60, 60);</p>\r\n\r\n<p>&nbsp; &nbsp; --button-border-color-hover: rgb(80, 80, 80);</p>\r\n\r\n<p>&nbsp; &nbsp;</p>\r\n\r\n<p>&nbsp; &nbsp; --button-primary-color: rgba(30, 30, 30);</p>\r\n\r\n<p>&nbsp; &nbsp; --button-primary-color-hover: rgb(60, 60, 60);</p>\r\n\r\n<p>&nbsp;</p>\r\n\r\n<p>&nbsp; &nbsp; --navbar-gradient: linear-gradient(rgb(25, 25, 25) 80%, rgba(0, 0, 0, 0) 90%);</p>\r\n\r\n<p>&nbsp; &nbsp; --paginator-gradient: linear-gradient(rgba(0, 0, 0, 0), rgb(0, 0, 0));</p>\r\n\r\n<p>&nbsp;</p>\r\n\r\n<p>&nbsp; &nbsp; --bg-txtbox-color: rgba(30, 30, 30);</p>\r\n\r\n<p>&nbsp; &nbsp; --txtbox-border-color: rgb(60, 60, 60);</p>\r\n\r\n<p>&nbsp; &nbsp; --bg-txtbox-color-focused: rgba(40, 40, 40);</p>\r\n\r\n<p>&nbsp; &nbsp; --txtbox-border-color-focused: rgb(70, 70, 70);</p>\r\n\r\n<p>}</p>",
    "date": "2025-12-11T12:59:07.479Z",
    "image": "",
    "video": "",
    "user_html": "",
    "user_css": "",
    "user_js": "",
    "site_preview": "",
    "upvotes": 0,
    "post_views": 23,
    "reports": 1
  }
},
{
  "model": "post.userupvote",
  "pk": 9,
  "fields": {
    "user": 3,
    "post": 33
  }
},
{
  "model": "post.userupvote",
  "pk": 10,
  "fields": {
    "user": 3,
    "post": 32
  }
},
{
  "model": "post.userupvote",
  "pk": 63,
  "fields": {
    "user": 1,
    "post": 33
  }
},
{
  "model": "post.userupvote",
  "pk": 65,
  "fields": {
    "user": 2,
    "post": 33
  }
},
{
  "model": "post.userupvote",
  "pk": 66,
  "fields": {
    "user": 2,
    "post": 34
  }
},
{
  "model": "post.userupvote",
  "pk": 67,
  "fields": {
    "user": 4,
    "post": 34
  }
},
{
  "model": "post.userupvote",
  "pk": 68,
  "fields": {
    "user": 4,
    "post": 33
  }
},
{
  "model": "post.userupvote",
  "pk": 69,
  "fields": {
    "user": 4,
    "post": 31
  }
},
{
  "model": "post.userupvote",
  "pk": 70,
  "fields": {
    "user": 4,
    "post": 30
  }
},
{
  "model": "post.userupvote",
  "pk": 72,
  "fields": {
    "user": 4,
    "post": 26
  }
},
{
  "model": "post.userupvote",
  "pk": 75,
  "fields": {
    "user": 2,
    "post": 36
  }
},
{
  "model": "post.userupvote",
  "pk": 85,
  "fields": {
    "user": 1,
    "post": 29
  }
},
{
  "model": "post.userupvote",
  "pk": 108,
  "fields": {
    "user": 1,
    "post": 14
  }
},
{
  "model": "post.userupvote",
  "pk": 111,
  "fields": {
    "user": 1,
    "post": 20
  }
},
{
  "model": "post.userupvote",
  "pk": 114,
  "fields": {
    "user": 1,
    "post": 18
  }
},
{
  "model": "post.userupvote",
  "pk": 120,
  "fields": {
    "user": 1,
    "post": 34
  }
},
{
  "model": "post.userupvote",
  "pk": 122,
  "fields": {
    "user": 1,
    "post": 30
  }
},
{
  "model": "post.userupvote",
  "pk": 127,
  "fields": {
    "user": 1,
    "post": 10
  }
},
{
  "model": "post.userupvote",
  "pk": 129,
  "fields": {
    "user": 1,
    "post": 19
  }
},
{
  "model": "post.userupvote",
  "pk": 130,
  "fields": {
    "user": 1,
    "post": 26
  }
},
{
  "model": "post.userupvote",
  "pk": 132,
  "fields": {
    "user": 7,
    "post": 34
  }
},
{
  "model": "post.userupvote",
  "pk": 133,
  "fields": {
    "user": 7,
    "post": 36
  }
},
{
  "model": "post.userupvote",
  "pk": 135,
  "fields": {
    "user": 1,
    "post": 32
  }
},
{
  "model": "post.userupvote",
  "pk": 140,
  "fields": {
    "user": 1,
    "post": 12
  }
},
{
  "model": "post.userupvote",
  "pk": 141,
  "fields": {
    "user": 1,
    "post": 36
  }
},
{
  "model": "post.userupvote",
  "pk": 142,
  "fields": {
    "user": 1,
    "post": 53
  }
},
{
  "model": "post.userupvote",
  "pk": 152,
  "fields": {
    "user": 1,
    "post": 56
  }
},
{
  "model": "post.userupvote",
  "pk": 153,
  "fields": {
    "user": 1,
    "post": 54
  }
},
{
  "model": "post.userupvote",
  "pk": 155,
  "fields": {
    "user": 1,
    "post": 57
  }
},
{
  "model": "post.userreport",
  "pk": 5,
  "fields": {
    "user": 1,
    "post": 53
  }
},
{
  "model": "post.userreport",
  "pk": 8,
  "fields": {
    "user": 1,
    "post": 57
  }
},
{
  "model": "post.comment",
  "pk": 26,
  "fields": {
    "post": 12,
    "user": null,
    "name": "aa",
    "content": "aaa",
    "created_date": "2025-10-21T20:37:27.671Z"
  }
},
{
  "model": "post.comment",
  "pk": 27,
  "fields": {
    "post": 12,
    "user": null,
    "name": "bbb",
    "content": "bbb",
    "created_date": "2025-10-21T20:37:31.049Z"
  }
},
{
  "model": "post.comment",
  "pk": 28,
  "fields": {
    "post": 12,
    "user": null,
    "name": "wqeqew",
    "content": "qweqeq",
    "created_date": "2025-10-21T20:42:21.613Z"
  }
},
{
  "model": "post.comment",
  "pk": 29,
  "fields": {
    "post": 12,
    "user": null,
    "name": "bbb",
    "content": "aaaaaaaaaaaaaaa",
    "created_date": "2025-10-21T20:42:26.223Z"
  }
},
{
  "model": "post.comment",
  "pk": 31,
  "fields": {
    "post": 12,
    "user": null,
    "name": "eko",
    "content": "ddsddd",
    "created_date": "2025-11-05T11:22:06.974Z"
  }
},
{
  "model": "post.comment",
  "pk": 32,
  "fields": {
    "post": 29,
    "user": null,
    "name": "eko",
    "content": "aaaaaaaaaaaaaaa",
    "created_date": "2025-11-06T07:37:57.587Z"
  }
},
{
  "model": "post.comment",
  "pk": 33,
  "fields": {
    "post": 29,
    "user": null,
    "name": "sss",
    "content": "sss",
    "created_date": "2025-11-06T07:38:00.569Z"
  }
},
{
  "model": "post.comment",
  "pk": 34,
  "fields": {
    "post": 29,
    "user": null,
    "name": "dddd",
    "content": "dddd",
    "created_date": "2025-11-06T07:38:03.884Z"
  }
},
{
  "model": "post.comment",
  "pk": 35,
  "fields": {
    "post": 29,
    "user": null,
    "name": "asdasda",
    "content": "asdasda",
    "created_date": "2025-11-06T07:38:08.966Z"
  }
},
{
  "model": "post.comment",
  "pk": 36,
  "fields": {
    "post": 29,
    "user": null,
    "name": "fdssfdsfs",
    "content": "sdfsdfsf",
    "created_date": "2025-11-06T07:38:13.487Z"
  }
},
{
  "model": "post.comment",
  "pk": 37,
  "fields": {
    "post": 23,
    "user": null,
    "name": "zzzz",
    "content": "zzz",
    "created_date": "2025-11-06T07:38:42.172Z"
  }
},
{
  "model": "post.comment",
  "pk": 39,
  "fields": {
    "post": 34,
    "user": null,
    "name": "eko",
    "content": "hello",
    "created_date": "2025-11-12T13:45:49.913Z"
  }
},
{
  "model": "post.comment",
  "pk": 40,
  "fields": {
    "post": 36,
    "user": null,
    "name": "eko",
    "content": "aa",
    "created_date": "2025-11-13T08:48:04.847Z"
  }
},
{
  "model": "post.comment",
  "pk": 41,
  "fields": {
    "post": 36,
    "user": null,
    "name": "eko",
    "content": "aa",
    "created_date": "2025-11-13T08:58:49.926Z"
  }
},
{
  "model": "post.comment",
  "pk": 42,
  "fields": {
    "post": 36,
    "user": null,
    "name": "",
    "content": "aaaaaaaaaaa",
    "created_date": "2025-11-19T09:18:19.223Z"
  }
},
{
  "model": "post.comment",
  "pk": 43,
  "fields": {
    "post": 36,
    "user": null,
    "name": "",
    "content": "qwe",
    "created_date": "2025-11-19T09:19:02.734Z"
  }
},
{
  "model": "post.comment",
  "pk": 44,
  "fields": {
    "post": 36,
    "user": null,
    "name": "",
    "content": "tesr",
    "created_date": "2025-11-19T09:32:57.033Z"
  }
},
{
  "model": "post.comment",
  "pk": 45,
  "fields": {
    "post": 36,
    "user": null,
    "name": "",
    "content": "test",
    "created_date": "2025-11-19T09:33:20.292Z"
  }
},
{
  "model": "post.comment",
  "pk": 49,
  "fields": {
    "post": 36,
    "user": 2,
    "name": "",
    "content": "i am known",
    "created_date": "2025-11-19T09:49:43.154Z"
  }
},
{
  "model": "post.comment",
  "pk": 50,
  "fields": {
    "post": 34,
    "user": 2,
    "name": "",
    "content": "test",
    "created_date": "2025-11-19T13:50:57.680Z"
  }
},
{
  "model": "post.comment",
  "pk": 53,
  "fields": {
    "post": 33,
    "user": 1,
    "name": "",
    "content": "test",
    "created_date": "2025-12-04T13:50:49.809Z"
  }
},
{
  "model": "post.comment",
  "pk": 54,
  "fields": {
    "post": 57,
    "user": 1,
    "name": "",
    "content": ":root[data-theme=\"dark\"]{\r\n    --bg-color: rgb(25, 25, 25);\r\n    --bg-secondary-color: rgb(35, 35, 35,0.3);\r\n    --bg-border-color: rgb(45, 45, 45);\r\n    --text-color: rgb(255, 255, 255);\r\n    \r\n    --shadow-color-04: rgb(0, 0, 0);\r\n    --shadow-color-02: rgba(0, 0, 0, 0.5);\r\n\r\n    --transparent: rgba(0, 0, 0, 0);\r\n    \r\n    --button-disabled: #4a4a4a;\r\n    --button-disabled-hover: #5a5a5a;\r\n    --button-disabled-active: #707070;\r\n    \r\n    --button-border-color: rgb(60, 60, 60);\r\n    --button-border-color-hover: rgb(80, 80, 80);\r\n    \r\n    --button-primary-color: rgba(30, 30, 30);\r\n    --button-primary-color-hover: rgb(60, 60, 60);\r\n\r\n    --navbar-gradient: linear-gradient(rgb(25, 25, 25) 80%, rgba(0, 0, 0, 0) 90%);\r\n    --paginator-gradient: linear-gradient(rgba(0, 0, 0, 0), rgb(0, 0, 0));\r\n\r\n    --bg-txtbox-color: rgba(30, 30, 30);\r\n    --txtbox-border-color: rgb(60, 60, 60);\r\n    --bg-txtbox-color-focused: rgba(40, 40, 40);\r\n    --txtbox-border-color-focused: rgb(70, 70, 70);\r\n}",
    "created_date": "2025-12-11T12:59:40.354Z"
  }
},
{
  "model": "admin_panel.contactinfo",
  "pk": 1,
  "fields": {
    "user": 1,
    "name": "John",
    "surname": "Smith",
    "user_gender": "Male",
    "adress": "742 Evergreen Terrace Springfield, IL 62704 United States",
    "email": "john@gmail.com"
  }
},
{
  "model": "admin_panel.contactinfo",
  "pk": 2,
  "fields": {
    "user": 1,
    "name": "eko",
    "surname": "2342",
    "user_gender": "Other",
    "adress": "qweqewasdasdasdadsada",
    "email": "eko@gmail.com"
  }
},
{
  "model": "admin_panel.contactinfo",
  "pk": 3,
  "fields": {
    "user": 1,
    "name": "james",
    "surname": "rich",
    "user_gender": "Female",
    "adress": "3 Bay Street Rochester, NY 14609",
    "email": "jam@gmail.com"
  }
},
{
  "model": "admin_panel.contactinfo",
  "pk": 4,
  "fields": {
    "user": 1,
    "name": "dddddddddddd",
    "surname": "dddddddd",
    "user_gender": "Other",
    "adress": "dddddddddd",
    "email": "dddd@gmail.com"
  }
},
{
  "model": "admin_panel.contactinfo",
  "pk": 5,
  "fields": {
    "user": 1,
    "name": "4234342",
    "surname": "2342",
    "user_gender": "Other",
    "adress": "4343",
    "email": "2424@gmail.com"
  }
},
{
  "model": "admin_panel.contactinfo",
  "pk": 6,
  "fields": {
    "user": 2,
    "name": "test",
    "surname": "different",
    "user_gender": "Other",
    "adress": "bla bla",
    "email": "test@gmail.com"
  }
},
{
  "model": "admin_panel.contactinfo",
  "pk": 7,
  "fields": {
    "user": 11,
    "name": "asdassdd",
    "surname": "zzzz",
    "user_gender": "Male",
    "adress": "qweqewasdasdasdadsada",
    "email": "qeqweqewqewqeq@gmail.com"
  }
},
{
  "model": "admin_panel.contactinfo",
  "pk": 8,
  "fields": {
    "user": 11,
    "name": "AAAAAAAAAAAAAAAAAAAAAAAAAAAAAAAAAAAAAAAAAAAAAAAAAAAAAAAAAAAAAAAAAAAAAAAAAAAAAAAAAAAAAAAAAAAAAAAAAAAAAAAAAAAAAAAAAAAAAAAAAAAAAAAAAAAAAAAAAAAAAAAAAAAAAAAAAAAAAAAAAAAAAAAA",
    "surname": "AAAAAAAAAAAAAAAAAAAAAAAAAAAAAAAAAAAAAAAAAAAAAAAAAAAAAAAAAAAAAAAAAAAAAAAAAAAAAAAAAAAAAAAAAAAAAAAAAAAAAAAAAAAAAAAAAAAAAAAAAAAAAAAAAAAAAAAAAAAAAAAAAAAAAAAAAAAAAAAAAAAAAAAA",
    "user_gender": "Other",
    "adress": "aaaaaaaaa",
    "email": "aaaaaaaaaaaaaaa@gmail.com"
  }
},
{
  "model": "admin_panel.contactinfo",
  "pk": 9,
  "fields": {
    "user": 1,
    "name": "last",
    "surname": "last",
    "user_gender": "Other",
    "adress": "last",
    "email": "last@proton.me"
  }
}
]
